{
	"query": "0016-018",
	"numeroResources": 15,
	"infDatasets": [
		{
			"id": "https://datos.madrid.es/egob/catalogo/206974-0-agenda-eventos-culturales-100.json",
			"num": 5
		},
		{
			"id": "https://datos.madrid.es/egob/catalogo/300107-0-agenda-actividades-eventos.json",
			"num": 5
		},
		{
			"id": "https://datos.madrid.es/egob/catalogo/206717-0-agenda-eventos-bibliotecas.json",
			"num": 5
		}
	],
	"ubicaciones": [
		"Espacio de Igualdad Nieves Torres. Chamartín",
		"Centro de Educación Ambiental de Casa de Campo",
		"Centro de Información y Educación Ambiental El Huerto de El Retiro",
		"Biblioteca Pública Municipal Ángel González (Latina)",
		"Espacio de Igualdad Ana Orantes. Barajas",
		"Biblioteca Pública Municipal Iván de Vargas (Centro)",
		"Biblioteca Pública Municipal San Fermín (Usera)",
		"Biblioteca Pública Municipal Pablo Neruda (Ciudad Lineal)",
		"Espacio de Igualdad Gloria Fuertes. Vicálvaro"
	]
}