<?xml version="1.0" encoding="UTF-8"?>
<searchResults xmlns="http://piat.dte.upm.es/practica4"
	xmlns:xsi="http://www.w3.org/2001/XMLSchema-instance"
	xsi:schemaLocation="http://piat.dte.upm.es/practica4 ./ResultadosBusquedaP4.xsd">

	<summary>
		<query>0016-018</query>
		<numConcepts>8</numConcepts>
		<numDatasets>3</numDatasets>
	</summary>

	<results>
		<concepts>
			<concept>https://datos.madrid.es/egob/kos/actividades/CursosTalleres/Literatura</concept>
			<concept>https://datos.madrid.es/egob/kos/actividades/CursosTalleres</concept>
			<concept>https://datos.madrid.es/egob/kos/actividades/CursosTalleres/CapacitacionDigital</concept>
			<concept>https://datos.madrid.es/egob/kos/actividades/CursosTalleres/Idiomas</concept>
			<concept>https://datos.madrid.es/egob/kos/actividades/CursosTalleres/Arte</concept>
			<concept>https://datos.madrid.es/egob/kos/actividades/CursosTalleres/CulturaLibre</concept>
			<concept>https://datos.madrid.es/egob/kos/actividades/CursosTalleres/Historia</concept>
			<concept>https://datos.madrid.es/egob/kos/actividades/CursosTalleres/Permacultura</concept>
		</concepts>
		<datasets>
			<dataset id="https://datos.madrid.es/egob/catalogo/206974-0-agenda-eventos-culturales-100.json">
				<title><![CDATA[Actividades Culturales y de Ocio Municipal en los próximos 100 días]]></title>
				<description><![CDATA[Relación de actividades de carácter cultural y de ocio, que se van a celebrar en los próximos 100 días y/o que se están celebrando, en centros Municipales . Podrá encontrar así las actividades de Centros Culturales, Socioculturales, Centros Juveniles, Bibliotecas, Centros de Mayores, Museos, Juntas de Distrito, etc. En este Portal, existen otros conjuntos de datos donde puede ver la relación de los diversos centros anteriores. Tenga en cuenta que hay ciertas actividades que aunque son gratuitas , requieren inscripción previa. En el campo 'CONTENT-URL', esta la url donde puede obtener información adicional de la actividad y donde se especifica si se requiere inscripción y como realizarla . Hay otras actividades, que si tienen un coste asociado, igualmente tiene la información en la url anterior. En el apartado 'Documentación asociada', hay un documento con la estructura del fichero y las recomendaciones y/o advertencias, que le permitirá usar y comprender mejor los datos. Fuente: www.madrid.es]]></description>
				<theme>http://datos.gob.es/kos/sector-publico/sector/cultura-ocio</theme>
			</dataset>
			<dataset id="https://datos.madrid.es/egob/catalogo/300107-0-agenda-actividades-eventos.json">
				<title><![CDATA[Agenda de actividades y eventos]]></title>
				<description><![CDATA[Relación de actividades de distinto tipo que se van a celebrar o que se están celebrando, en centros municipales o asociados la actividad gestionada por el Ayuntamiento. Podrá encontrar así las actividades de Centros Culturales, Socioculturales, Centros Juveniles, Bibliotecas, Centros de Mayores, Museos, Juntas de Distrito, etc. En la columna P del fichero descargable, puede ver en que centro se realiza dicha actividad (puede ser en centros del ayuntamiento o no) No se trata de una relación exhaustiva de toda la actividad del Ayuntamiento de Madrid, sino solamente de aquellos que ya se encuentran incluidos en la página web www.madrid.es . Asi mismo pueden existir eventos, que por motivos de temática, pueden incluso estar duplicados. En este Portal, existen otros conjuntos de datos donde puede ver la relación de los diversos centros anteriores. Tenga en cuenta que hay ciertas actividades que aunque son gratuitas , requieren inscripción previa. En el campo 'CONTENT-URL', esta la url donde puede obtener información adicional de la actividad y donde se especifica si se requiere inscripción y como realizarla . Hay otras actividades, que si tienen un coste asociado, igualmente tiene la información en la url anterior. En la página siguiente tiene un buscador para poder encontrar una actividad en particular. En el apartado 'Documentación asociada', hay un documento con la estructura del fichero y las recomendaciones y/o advertencias, que le permitirá usar y comprender mejor los datos. Fuente: www.madrid.es]]></description>
				<theme>http://datos.gob.es/kos/sector-publico/sector/cultura-ocio</theme>
			</dataset>
			<dataset id="https://datos.madrid.es/egob/catalogo/206717-0-agenda-eventos-bibliotecas.json">
				<title><![CDATA[Actividades gratuitas en Bibliotecas Municipales en los próximos 60 días]]></title>
				<description><![CDATA[Relación de actividades de carácter gratuito, para público infantil y adulto, desarrolladas por las siguientes instituciones de titularidad municipal: la red de Bibliotecas Públicas, la Biblioteca Histórica, la Biblioteca Musical Víctor Espinós, la Hemeroteca y la Imprenta. Se presentan las actividades de los próximos 60 dias. La oferta anual de actividades en la red de Bibliotecas Municipales en 2014 fue de 5.945 actividades y contó con la participación de 96.354 asistentes. Tenga en cuenta que hay ciertas actividades que aunque son gratuitas, requieren inscripción previa. En el campo 'CONTENT-URL', esta la url donde puede obtener información adicional de la actividad y donde se especifica si se requiere inscripción y como realizarla. Existen en el Portal otros 3 conjuntos de datos, que se encuentran relacionados con este como son: Bibliotecas y bibliobuses en la ciudad de Madrid Bibliotecas municipales: Catálogo Bibliotecas Municipales: Préstamos Activos Sigue a Bibliotecas del Ayuntamiento de Madrid en Redes sociales en: Twitter: @bpmmadrid Facebook: https://www.facebook.com/bpmmadrid YouTube: https://www.youtube.com/user/bpmmadrid Instagram: https://www.instagram.com/bpm_madrid A través del Portal de Visualizaciones ' Visualiza Madrid con Datos Abiertos' , el Ayuntamiento de Madrid pone a tu disposición una visualización realizada con datos abiertos de Bibliotecas. Acceder a la visualización de Actividades gratuitas en Bibliotecas Municipales en los próximos 60 días Fuente: www.madrid.es]]></description>
				<theme>http://datos.gob.es/kos/sector-publico/sector/cultura-ocio</theme>
			</dataset>
		</datasets>
		<resources>
			<resource id="https://datos.madrid.es/egob/catalogo/300107-0-agenda-actividades-eventos.json">
				<concept id="https://datos.madrid.es/egob/kos/actividades/CursosTalleres"></concept>
				<link><![CDATA[http://www.madrid.es/sites/v/index.jsp?vgnextchannel=ca9671ee4a9eb410VgnVCM100000171f5a0aRCRD&vgnextoid=e4cb4d44926ac810VgnVCM2000001f4a900aRCRD]]></link>
				<title>A la fresca, con el ganchillo</title>
				<location>
					<eventLocation>Espacio de Igualdad Lucrecia Pérez. Fuencarral-El Pardo</eventLocation>
					<address>
						<area>https://datos.madrid.es/egob/kos/Provincia/Madrid/Municipio/Madrid/Distrito/Fuencarral-ElPardo/Barrio/Valverde</area>
						<locality>MADRID</locality>
						<street>CALLE MANRESA 1</street>
					</address>
					<timetable>
						<start>2024-04-10 18:00:00.0</start>
						<end>2024-04-24 23:59:00.0</end>
					</timetable>
					<georeference>40.49120609425076 -3.6916379633219116</georeference>
				</location>
			</resource>
			<resource id="https://datos.madrid.es/egob/catalogo/300107-0-agenda-actividades-eventos.json">
				<concept id="https://datos.madrid.es/egob/kos/actividades/CursosTalleres/Arte"></concept>
				<link><![CDATA[http://www.madrid.es/sites/v/index.jsp?vgnextchannel=ca9671ee4a9eb410VgnVCM100000171f5a0aRCRD&vgnextoid=7afb0b8d46a5d810VgnVCM2000001f4a900aRCRD]]></link>
				<title>Actividades en el centro juvenil 'Chamberí'. Abril 2024</title>
				<location>
					<eventLocation>Centro Juvenil Chamberí</eventLocation>
					<address>
						<area>https://datos.madrid.es/egob/kos/Provincia/Madrid/Municipio/Madrid/Distrito/Chamberi/Barrio/RiosRosas</area>
						<locality>MADRID</locality>
						<street>CALLE RAIMUNDO FERNANDEZ VILLAVERDE 2</street>
					</address>
					<timetable>
						<start>2024-04-01 00:00:00.0</start>
						<end>2024-04-30 23:59:00.0</end>
					</timetable>
					<georeference>40.44661949643803 -3.703467785151993</georeference>
				</location>
			</resource>
			<resource id="https://datos.madrid.es/egob/catalogo/300107-0-agenda-actividades-eventos.json">
				<concept id="https://datos.madrid.es/egob/kos/actividades/CursosTalleres"></concept>
				<link><![CDATA[http://www.madrid.es/sites/v/index.jsp?vgnextchannel=ca9671ee4a9eb410VgnVCM100000171f5a0aRCRD&vgnextoid=05467990ce34c810VgnVCM1000001d4a900aRCRD]]></link>
				<title>Alas para volar. Grupo terapéutico</title>
				<location>
					<eventLocation>Espacio de Igualdad Nieves Torres. Chamartín</eventLocation>
					<address>
						<area>https://datos.madrid.es/egob/kos/Provincia/Madrid/Municipio/Madrid/Distrito/Chamartin/Barrio/NuevaEspana</area>
						<locality>MADRID</locality>
						<street>CALLE ENRIQUE JARDIEL PONCELA 8</street>
					</address>
					<timetable>
						<start>2024-05-21 10:30:00.0</start>
						<end>2024-05-21 23:59:00.0</end>
					</timetable>
					<georeference>40.46088981165102 -3.6700689174427326</georeference>
				</location>
			</resource>
			<resource id="https://datos.madrid.es/egob/catalogo/300107-0-agenda-actividades-eventos.json">
				<concept id="https://datos.madrid.es/egob/kos/actividades/CursosTalleres"></concept>
				<link><![CDATA[http://www.madrid.es/sites/v/index.jsp?vgnextchannel=ca9671ee4a9eb410VgnVCM100000171f5a0aRCRD&vgnextoid=c23c001cadd0e810VgnVCM1000001d4a900aRCRD]]></link>
				<title>Aprende a identificar las mariposas de Madrid</title>
				<location>
					<eventLocation>Centro de Educación Ambiental de Casa de Campo</eventLocation>
					<address>
						<area>https://datos.madrid.es/egob/kos/Provincia/Madrid/Municipio/Madrid/Distrito/Moncloa-Aravaca/Barrio/CasaCampo</area>
						<locality>MADRID</locality>
						<street>PARQUE CASA DE CAMPO (JUNTO AL EMBARCADERO DEL LAGO) </street>
					</address>
					<timetable>
						<start>2024-05-10 11:00:00.0</start>
						<end>2024-05-10 23:59:00.0</end>
					</timetable>
					<georeference>40.41789950036311 -3.7309390858931137</georeference>
				</location>
			</resource>
			<resource id="https://datos.madrid.es/egob/catalogo/300107-0-agenda-actividades-eventos.json">
				<concept id="https://datos.madrid.es/egob/kos/actividades/CursosTalleres"></concept>
				<link><![CDATA[http://www.madrid.es/sites/v/index.jsp?vgnextchannel=ca9671ee4a9eb410VgnVCM100000171f5a0aRCRD&vgnextoid=035c001cadd0e810VgnVCM1000001d4a900aRCRD]]></link>
				<title>Aprende a identificar las mariposas de Madrid</title>
				<location>
					<eventLocation>Centro de Educación Ambiental de Casa de Campo</eventLocation>
					<address>
						<area>https://datos.madrid.es/egob/kos/Provincia/Madrid/Municipio/Madrid/Distrito/Moncloa-Aravaca/Barrio/CasaCampo</area>
						<locality>MADRID</locality>
						<street>PARQUE CASA DE CAMPO (JUNTO AL EMBARCADERO DEL LAGO) </street>
					</address>
					<timetable>
						<start>2024-06-14 11:00:00.0</start>
						<end>2024-06-14 23:59:00.0</end>
					</timetable>
					<georeference>40.41789950036311 -3.7309390858931137</georeference>
				</location>
			</resource>
			<resource id="https://datos.madrid.es/egob/catalogo/206974-0-agenda-eventos-culturales-100.json">
				<concept id="https://datos.madrid.es/egob/kos/actividades/CursosTalleres/Arte"></concept>
				<link><![CDATA[http://www.madrid.es/sites/v/index.jsp?vgnextchannel=ca9671ee4a9eb410VgnVCM100000171f5a0aRCRD&vgnextoid=7afb0b8d46a5d810VgnVCM2000001f4a900aRCRD]]></link>
				<title>Actividades en el centro juvenil 'Chamberí'. Abril 2024</title>
				<location>
					<eventLocation>Centro Juvenil Chamberí</eventLocation>
					<address>
						<area>https://datos.madrid.es/egob/kos/Provincia/Madrid/Municipio/Madrid/Distrito/Chamberi/Barrio/RiosRosas</area>
						<locality>MADRID</locality>
						<street>CALLE RAIMUNDO FERNANDEZ VILLAVERDE 2</street>
					</address>
					<timetable>
						<start>2024-04-01 00:00:00.0</start>
						<end>2024-04-30 23:59:00.0</end>
					</timetable>
					<georeference>40.44661949643803 -3.703467785151993</georeference>
				</location>
			</resource>
			<resource id="https://datos.madrid.es/egob/catalogo/206974-0-agenda-eventos-culturales-100.json">
				<concept id="https://datos.madrid.es/egob/kos/actividades/CursosTalleres"></concept>
				<link><![CDATA[http://www.madrid.es/sites/v/index.jsp?vgnextchannel=ca9671ee4a9eb410VgnVCM100000171f5a0aRCRD&vgnextoid=c23c001cadd0e810VgnVCM1000001d4a900aRCRD]]></link>
				<title>Aprende a identificar las mariposas de Madrid</title>
				<location>
					<eventLocation>Centro de Educación Ambiental de Casa de Campo</eventLocation>
					<address>
						<area>https://datos.madrid.es/egob/kos/Provincia/Madrid/Municipio/Madrid/Distrito/Moncloa-Aravaca/Barrio/CasaCampo</area>
						<locality>MADRID</locality>
						<street>PARQUE CASA DE CAMPO (JUNTO AL EMBARCADERO DEL LAGO) </street>
					</address>
					<timetable>
						<start>2024-05-10 11:00:00.0</start>
						<end>2024-05-10 23:59:00.0</end>
					</timetable>
					<georeference>40.41789950036311 -3.7309390858931137</georeference>
				</location>
			</resource>
			<resource id="https://datos.madrid.es/egob/catalogo/206974-0-agenda-eventos-culturales-100.json">
				<concept id="https://datos.madrid.es/egob/kos/actividades/CursosTalleres"></concept>
				<link><![CDATA[http://www.madrid.es/sites/v/index.jsp?vgnextchannel=ca9671ee4a9eb410VgnVCM100000171f5a0aRCRD&vgnextoid=035c001cadd0e810VgnVCM1000001d4a900aRCRD]]></link>
				<title>Aprende a identificar las mariposas de Madrid</title>
				<location>
					<eventLocation>Centro de Educación Ambiental de Casa de Campo</eventLocation>
					<address>
						<area>https://datos.madrid.es/egob/kos/Provincia/Madrid/Municipio/Madrid/Distrito/Moncloa-Aravaca/Barrio/CasaCampo</area>
						<locality>MADRID</locality>
						<street>PARQUE CASA DE CAMPO (JUNTO AL EMBARCADERO DEL LAGO) </street>
					</address>
					<timetable>
						<start>2024-06-14 11:00:00.0</start>
						<end>2024-06-14 23:59:00.0</end>
					</timetable>
					<georeference>40.41789950036311 -3.7309390858931137</georeference>
				</location>
			</resource>
			<resource id="https://datos.madrid.es/egob/catalogo/206974-0-agenda-eventos-culturales-100.json">
				<concept id="https://datos.madrid.es/egob/kos/actividades/CursosTalleres"></concept>
				<link><![CDATA[http://www.madrid.es/sites/v/index.jsp?vgnextchannel=ca9671ee4a9eb410VgnVCM100000171f5a0aRCRD&vgnextoid=cebde15d8dcbe810VgnVCM1000001d4a900aRCRD]]></link>
				<title>Aves de cartón. Reutilizando materiales</title>
				<location>
					<eventLocation></eventLocation>
					<address>
					</address>
					<timetable>
						<start>2024-05-12 11:00:00.0</start>
						<end>2024-05-12 23:59:00.0</end>
					</timetable>
				</location>
			</resource>
			<resource id="https://datos.madrid.es/egob/catalogo/206974-0-agenda-eventos-culturales-100.json">
				<concept id="https://datos.madrid.es/egob/kos/actividades/CursosTalleres"></concept>
				<link><![CDATA[http://www.madrid.es/sites/v/index.jsp?vgnextchannel=ca9671ee4a9eb410VgnVCM100000171f5a0aRCRD&vgnextoid=9aeaafe3e5f5d810VgnVCM1000001d4a900aRCRD]]></link>
				<title>BIS/ Jornadas de Intercambio de Semillas 2024</title>
				<location>
					<eventLocation></eventLocation>
					<address>
					</address>
					<timetable>
						<start>2024-02-15 00:00:00.0</start>
						<end>2024-12-05 23:59:00.0</end>
					</timetable>
				</location>
			</resource>
			<resource id="https://datos.madrid.es/egob/catalogo/206717-0-agenda-eventos-bibliotecas.json">
				<concept id="https://datos.madrid.es/egob/kos/actividades/CursosTalleres"></concept>
				<link><![CDATA[http://www.madrid.es/sites/v/index.jsp?vgnextchannel=ca9671ee4a9eb410VgnVCM100000171f5a0aRCRD&vgnextoid=a6f3037db2a6a810VgnVCM2000001f4a900aRCRD]]></link>
				<title>Conversaciones en inglés</title>
				<location>
					<eventLocation>Biblioteca Pública Municipal Ángel González (Latina)</eventLocation>
					<address>
						<area>https://datos.madrid.es/egob/kos/Provincia/Madrid/Municipio/Madrid/Distrito/Latina/Barrio/Aluche</area>
						<locality>MADRID</locality>
						<street>CALLE GRANJA DE TORREHERMOSA 1</street>
					</address>
					<timetable>
						<start>2023-10-03 18:00:00.0</start>
						<end>2024-06-25 23:59:00.0</end>
					</timetable>
					<georeference>40.397074625115906 -3.7664885474841556</georeference>
				</location>
			</resource>
			<resource id="https://datos.madrid.es/egob/catalogo/206717-0-agenda-eventos-bibliotecas.json">
				<concept id="https://datos.madrid.es/egob/kos/actividades/CursosTalleres/CapacitacionDigital"></concept>
				<link><![CDATA[http://www.madrid.es/sites/v/index.jsp?vgnextchannel=ca9671ee4a9eb410VgnVCM100000171f5a0aRCRD&vgnextoid=e2da52e1651dd810VgnVCM2000001f4a900aRCRD]]></link>
				<title>Curso de Apps</title>
				<location>
					<eventLocation>Biblioteca Pública Municipal Iván de Vargas (Centro)</eventLocation>
					<address>
						<area>https://datos.madrid.es/egob/kos/Provincia/Madrid/Municipio/Madrid/Distrito/Centro/Barrio/Palacio</area>
						<locality>MADRID</locality>
						<street>CALLE SAN JUSTO 5</street>
					</address>
					<timetable>
						<start>2024-06-03 11:00:00.0</start>
						<end>2024-06-07 23:59:00.0</end>
					</timetable>
					<georeference>40.41410290844665 -3.7098591212735883</georeference>
				</location>
				<description><![CDATA[El curso de iniciación al uso de apps móviles es una experiencia enriquecedora que te brinda las herramientas necesarias para aprovechar al máximo tu smartphone o tablet. A lo largo de las clases, aprenderás a descargar, instalar y utilizar diferentes aplicaciones que te permitirán organizar tu agenda, comunicarte de forma efectiva, realizar compras en línea y disfrutar de entretenimiento en cualquier momento y lugar. Además, recibirás consejos prácticos sobre cómo optimizar el rendimiento de tu dispositivo y proteger tu información personal. Es necesario realizar inscripción previa a través de este formulario electrónico.]]></description>
			</resource>
			<resource id="https://datos.madrid.es/egob/catalogo/206717-0-agenda-eventos-bibliotecas.json">
				<concept id="https://datos.madrid.es/egob/kos/actividades/CursosTalleres"></concept>
				<link><![CDATA[http://www.madrid.es/sites/v/index.jsp?vgnextchannel=ca9671ee4a9eb410VgnVCM100000171f5a0aRCRD&vgnextoid=4877a3e959a0f810VgnVCM1000001d4a900aRCRD]]></link>
				<title>Do It Yourself: 'Flores'</title>
				<location>
					<eventLocation>Biblioteca Pública Municipal José Hierro (San Blas-Canillejas)</eventLocation>
					<address>
						<area>https://datos.madrid.es/egob/kos/Provincia/Madrid/Municipio/Madrid/Distrito/SanBlas-Canillejas/Barrio/Rosas</area>
						<locality>MADRID</locality>
						<street>CALLE MARIA SEVILLA DIAGO 15</street>
					</address>
					<timetable>
						<start>2024-05-08 18:00:00.0</start>
						<end>2024-05-08 23:59:00.0</end>
					</timetable>
					<georeference>40.433291625973624 -3.6105662311927453</georeference>
				</location>
			</resource>
			<resource id="https://datos.madrid.es/egob/catalogo/206717-0-agenda-eventos-bibliotecas.json">
				<concept id="https://datos.madrid.es/egob/kos/actividades/CursosTalleres"></concept>
				<link><![CDATA[http://www.madrid.es/sites/v/index.jsp?vgnextchannel=ca9671ee4a9eb410VgnVCM100000171f5a0aRCRD&vgnextoid=646ff1527cd5a810VgnVCM2000001f4a900aRCRD]]></link>
				<title>Entretejidas</title>
				<location>
					<eventLocation>Biblioteca Pública Municipal San Fermín (Usera)</eventLocation>
					<address>
						<area>https://datos.madrid.es/egob/kos/Provincia/Madrid/Municipio/Madrid/Distrito/Usera/Barrio/SanFermin</area>
						<locality>MADRID</locality>
						<street>AVENIDA SAN FERMIN 10</street>
					</address>
					<timetable>
						<start>2023-09-07 17:00:00.0</start>
						<end>2025-06-26 23:59:00.0</end>
					</timetable>
					<georeference>40.3711623444796 -3.692742821990015</georeference>
				</location>
			</resource>
			<resource id="https://datos.madrid.es/egob/catalogo/206717-0-agenda-eventos-bibliotecas.json">
				<concept id="https://datos.madrid.es/egob/kos/actividades/CursosTalleres"></concept>
				<link><![CDATA[http://www.madrid.es/sites/v/index.jsp?vgnextchannel=ca9671ee4a9eb410VgnVCM100000171f5a0aRCRD&vgnextoid=501845bad36fe810VgnVCM2000001f4a900aRCRD]]></link>
				<title>Experimenta con collage y crea tu marcapáginas con Lorena. Día de Europa</title>
				<location>
					<eventLocation>Biblioteca Pública Municipal Pablo Neruda (Ciudad Lineal)</eventLocation>
					<address>
						<area>https://datos.madrid.es/egob/kos/Provincia/Madrid/Municipio/Madrid/Distrito/CiudadLineal/Barrio/PuebloNuevo</area>
						<locality>MADRID</locality>
						<street>CALLE ASCAO 4</street>
					</address>
					<timetable>
						<start>2024-05-10 17:30:00.0</start>
						<end>2024-05-10 23:59:00.0</end>
					</timetable>
					<georeference>40.42941133441142 -3.6416899839787695</georeference>
				</location>
			</resource>
		</resources>
	</results>
</searchResults>

